{"cameraMode":{"drawMode":0,"name":"Shaded","section":"Shading Mode"},"sceneLighting":true,"audioPlay":false,"sceneViewState":{"m_AlwaysRefresh":false,"showFog":true,"showSkybox":true,"showFlares":true,"showImageEffects":true,"showParticleSystems":true,"showVisualEffectGraphs":true,"m_FxEnabled":true},"in2DMode":false,"pivot":{"x":23.761045455932618,"y":19.908397674560548,"z":2.0518059730529787},"rotation":{"x":0.1850156933069229,"y":-0.5568797588348389,"z":0.13182514905929566,"w":0.7989025712013245},"size":0.13890039920806886,"orthographic":false}