{"cameraMode":{"drawMode":0,"name":"Shaded","section":"Shading Mode"},"sceneLighting":false,"audioPlay":false,"sceneViewState":{"m_AlwaysRefresh":false,"showFog":true,"showSkybox":false,"showFlares":true,"showImageEffects":true,"showParticleSystems":true,"showVisualEffectGraphs":true,"m_FxEnabled":true},"in2DMode":false,"pivot":{"x":0.00009202957153320313,"y":0.8570693135261536,"z":-0.0061247944831848148},"rotation":{"x":0.0005885215359739959,"y":-0.9933566451072693,"z":0.11186650395393372,"w":0.02697131782770157},"size":1.3641386032104493,"orthographic":false}