{"cameraMode":{"drawMode":0,"name":"Shaded","section":"Shading Mode"},"sceneLighting":false,"audioPlay":false,"sceneViewState":{"m_AlwaysRefresh":false,"showFog":true,"showSkybox":false,"showFlares":true,"showImageEffects":true,"showParticleSystems":true,"showVisualEffectGraphs":true,"m_FxEnabled":true},"in2DMode":false,"pivot":{"x":-0.17735934257507325,"y":-0.4111432433128357,"z":-1.8505088090896607},"rotation":{"x":0.0005885215359739959,"y":-0.9933566451072693,"z":0.11186650395393372,"w":0.02697131782770157},"size":2.5450191497802736,"orthographic":false}