{"cameraMode":{"drawMode":0,"name":"Shaded","section":"Shading Mode"},"sceneLighting":false,"audioPlay":false,"sceneViewState":{"m_AlwaysRefresh":false,"showFog":true,"showSkybox":false,"showFlares":true,"showImageEffects":true,"showParticleSystems":true,"showVisualEffectGraphs":true,"m_FxEnabled":true},"in2DMode":false,"pivot":{"x":0.00009202957153320313,"y":-0.14293068647384644,"z":-0.0061247944831848148},"rotation":{"x":0.07258886098861695,"y":-0.8588144183158875,"z":0.13196411728858949,"w":0.4896484613418579},"size":1.3641386032104493,"orthographic":false}