{"cameraMode":{"drawMode":0,"name":"Shaded","section":"Shading Mode"},"sceneLighting":false,"audioPlay":false,"sceneViewState":{"m_AlwaysRefresh":false,"showFog":false,"showSkybox":false,"showFlares":false,"showImageEffects":false,"showParticleSystems":false,"showVisualEffectGraphs":true,"m_FxEnabled":true},"in2DMode":false,"pivot":{"x":-0.3529565632343292,"y":0.8027157187461853,"z":-1.8157743215560914},"rotation":{"x":0.0022845652420073749,"y":-0.9952586889266968,"z":0.06553465127944946,"w":0.07181373238563538},"size":2.085207462310791,"orthographic":false}